{"cameraMode":{"drawMode":0,"name":"Shaded","section":"Shading Mode"},"sceneLighting":true,"audioPlay":false,"sceneViewState":{"m_AlwaysRefresh":false,"showFog":true,"showSkybox":true,"showFlares":true,"showImageEffects":true,"showParticleSystems":true,"showVisualEffectGraphs":true,"m_FxEnabled":true},"in2DMode":false,"pivot":{"x":-65.28689575195313,"y":-11.59981632232666,"z":-243.4320526123047},"rotation":{"x":0.0008404552936553955,"y":-0.9993607401847839,"z":0.03270265460014343,"w":0.017247233539819719},"size":107.60082244873047,"orthographic":false}