{"cameraMode":{"drawMode":0,"name":"Shaded","section":"Shading Mode"},"sceneLighting":true,"audioPlay":false,"sceneViewState":{"m_AlwaysRefresh":false,"showFog":true,"showSkybox":true,"showFlares":true,"showImageEffects":true,"showParticleSystems":true,"showVisualEffectGraphs":true,"m_FxEnabled":true},"in2DMode":false,"pivot":{"x":276.5627746582031,"y":234.77557373046876,"z":-230.17018127441407},"rotation":{"x":-0.01827319711446762,"y":-0.02201993018388748,"z":-0.0006680854712612927,"w":0.9996348023414612},"size":113.93099212646485,"orthographic":false}