{"cameraMode":{"drawMode":0,"name":"Shaded","section":"Shading Mode"},"sceneLighting":true,"audioPlay":false,"sceneViewState":{"m_AlwaysRefresh":false,"showFog":true,"showSkybox":true,"showFlares":true,"showImageEffects":true,"showParticleSystems":true,"showVisualEffectGraphs":true,"m_FxEnabled":true},"in2DMode":false,"pivot":{"x":-61.91819763183594,"y":-172.82933044433595,"z":-149.00230407714845},"rotation":{"x":0.006302241235971451,"y":-0.8814932107925415,"z":0.47211921215057375,"w":0.01110645942389965},"size":107.60082244873047,"orthographic":false}