{"cameraMode":{"drawMode":0,"name":"Shaded","section":"Shading Mode"},"sceneLighting":true,"audioPlay":false,"sceneViewState":{"m_AlwaysRefresh":false,"showFog":true,"showSkybox":true,"showFlares":true,"showImageEffects":true,"showParticleSystems":true,"showVisualEffectGraphs":true,"m_FxEnabled":true},"in2DMode":false,"pivot":{"x":-56.421913146972659,"y":-24.146570205688478,"z":-245.1895751953125},"rotation":{"x":0.0003247375425416976,"y":-0.9980765581130981,"z":0.06267807632684708,"w":0.0007472787983715534},"size":107.60082244873047,"orthographic":false}